5-HTP,https://www.mskcc.org/cancer-care/integrative-medicine/herbs/5-htp-01
714X,https://www.mskcc.org/cancer-care/integrative-medicine/herbs/714x
Acai Berry,https://www.mskcc.org/cancer-care/integrative-medicine/herbs/acai-berry
Agaricus,https://www.mskcc.org/cancer-care/integrative-medicine/herbs/agaricus
AHCC,https://www.mskcc.org/cancer-care/integrative-medicine/herbs/ahcc
Alfalfa,https://www.mskcc.org/cancer-care/integrative-medicine/herbs/alfalfa
Aloe Vera,https://www.mskcc.org/cancer-care/integrative-medicine/herbs/aloe-vera
Alpha-Lipoic Acid,https://www.mskcc.org/cancer-care/integrative-medicine/herbs/alpha-lipoic-acid
American pawpaw,https://www.mskcc.org/cancer-care/integrative-medicine/herbs/american-pawpaw
Amygdalin,https://www.mskcc.org/cancer-care/integrative-medicine/herbs/amygdalin
Andrographis,https://www.mskcc.org/cancer-care/integrative-medicine/herbs/andrographis
Antineoplastons,https://www.mskcc.org/cancer-care/integrative-medicine/herbs/antineoplastons
Arginine,https://www.mskcc.org/cancer-care/integrative-medicine/herbs/arginine
ArginMax,https://www.mskcc.org/cancer-care/integrative-medicine/herbs/arginmax
Arnica,https://www.mskcc.org/cancer-care/integrative-medicine/herbs/arnica
Artemisia annua,https://www.mskcc.org/cancer-care/integrative-medicine/herbs/artemisia-annua
Ashwagandha,https://www.mskcc.org/cancer-care/integrative-medicine/herbs/ashwagandha
Astragalus,https://www.mskcc.org/cancer-care/integrative-medicine/herbs/astragalus
Avlimil,https://www.mskcc.org/cancer-care/integrative-medicine/herbs/avlimil
Ayurveda,https://www.mskcc.org/cancer-care/integrative-medicine/herbs/ayurveda
Beta-Carotene,https://www.mskcc.org/cancer-care/integrative-medicine/herbs/beta-carotene
Beta-elemene,https://www.mskcc.org/cancer-care/integrative-medicine/herbs/beta-elemene
Bilberry Fruit,https://www.mskcc.org/cancer-care/integrative-medicine/herbs/bilberry-fruit
BioResonance Therapy,https://www.mskcc.org/cancer-care/integrative-medicine/herbs/bioresonance-therapy
Biotin,https://www.mskcc.org/cancer-care/integrative-medicine/herbs/biotin
Bitter Melon,https://www.mskcc.org/cancer-care/integrative-medicine/herbs/bitter-melon
Black Cohosh,https://www.mskcc.org/cancer-care/integrative-medicine/herbs/black-cohosh
Bladder wrack,https://www.mskcc.org/cancer-care/integrative-medicine/herbs/bladder-wrack
Bloodroot,https://www.mskcc.org/cancer-care/integrative-medicine/herbs/bloodroot
Blue-green Algae,https://www.mskcc.org/cancer-care/integrative-medicine/herbs/blue-green-algae
Borage,https://www.mskcc.org/cancer-care/integrative-medicine/herbs/borage
Boswellia,https://www.mskcc.org/cancer-care/integrative-medicine/herbs/boswellia
Bovine Cartilage,https://www.mskcc.org/cancer-care/integrative-medicine/herbs/bovine-cartilage
Bovine Colostrum,https://www.mskcc.org/cancer-care/integrative-medicine/herbs/bovine-colostrum
Broccoli Sprouts,https://www.mskcc.org/cancer-care/integrative-medicine/herbs/broccoli-sprouts
Bromelain,https://www.mskcc.org/cancer-care/integrative-medicine/herbs/bromelain
Budwig Diet,https://www.mskcc.org/cancer-care/integrative-medicine/herbs/budwig-diet-01
Bupleurum,https://www.mskcc.org/cancer-care/integrative-medicine/herbs/bupleurum
Burdock,https://www.mskcc.org/cancer-care/integrative-medicine/herbs/burdock
Butcher's Broom,https://www.mskcc.org/cancer-care/integrative-medicine/herbs/butcher-broom
Butterbur,https://www.mskcc.org/cancer-care/integrative-medicine/herbs/butterbur
CAAT,https://www.mskcc.org/cancer-care/integrative-medicine/herbs/caat
Calcium,https://www.mskcc.org/cancer-care/integrative-medicine/herbs/calcium
Calcium Glucarate,https://www.mskcc.org/cancer-care/integrative-medicine/herbs/calcium-glucarate
Calendula,https://www.mskcc.org/cancer-care/integrative-medicine/herbs/calendula
Camu-camu,https://www.mskcc.org/cancer-care/integrative-medicine/herbs/camu-camu
CanCellÂ®,https://www.mskcc.org/cancer-care/integrative-medicine/herbs/cancell
Capsaicin,https://www.mskcc.org/cancer-care/integrative-medicine/herbs/capsaicin
Carnitine,https://www.mskcc.org/cancer-care/integrative-medicine/herbs/carnitine
Cascara,https://www.mskcc.org/cancer-care/integrative-medicine/herbs/cascara
Cat's Claw,https://www.mskcc.org/cancer-care/integrative-medicine/herbs/cat-claw
Cayenne,https://www.mskcc.org/cancer-care/integrative-medicine/herbs/cayenne
Cellect,https://www.mskcc.org/cancer-care/integrative-medicine/herbs/cellect
Cellfood,https://www.mskcc.org/cancer-care/integrative-medicine/herbs/cellfood
Cesium Chloride,https://www.mskcc.org/cancer-care/integrative-medicine/herbs/cesium-chloride
Chaga Mushroom,https://www.mskcc.org/cancer-care/integrative-medicine/herbs/chaga-mushroom
Chamomile,https://www.mskcc.org/cancer-care/integrative-medicine/herbs/chamomile-german
Chaparral,https://www.mskcc.org/cancer-care/integrative-medicine/herbs/chaparral
Chasteberry,https://www.mskcc.org/cancer-care/integrative-medicine/herbs/chasteberry
Chia,https://www.mskcc.org/cancer-care/integrative-medicine/herbs/chia
Chinese Asparagus,https://www.mskcc.org/cancer-care/integrative-medicine/herbs/chinese-asparagus
Chitosan,https://www.mskcc.org/cancer-care/integrative-medicine/herbs/chitosan
Cholesterol Spinach,https://www.mskcc.org/cancer-care/integrative-medicine/herbs/cholesterol-spinach
Chromium,https://www.mskcc.org/cancer-care/integrative-medicine/herbs/chromium
Chrysanthemum,https://www.mskcc.org/cancer-care/integrative-medicine/herbs/chrysanthemum
Cinnamon,https://www.mskcc.org/cancer-care/integrative-medicine/herbs/cinnamon
Coenzyme Q10,https://www.mskcc.org/cancer-care/integrative-medicine/herbs/coenzyme-q10
Colloidal Silver,https://www.mskcc.org/cancer-care/integrative-medicine/herbs/colloidal-silver
Comfrey,https://www.mskcc.org/cancer-care/integrative-medicine/herbs/comfrey
Conjugated Linoleic Acid,https://www.mskcc.org/cancer-care/integrative-medicine/herbs/conjugated-linoleic-acid
Convolvulis arvensis,https://www.mskcc.org/cancer-care/integrative-medicine/herbs/convolvulis-arvensis
Coral Calcium,https://www.mskcc.org/cancer-care/integrative-medicine/herbs/coral-calcium
Cordyceps,https://www.mskcc.org/cancer-care/integrative-medicine/herbs/cordyceps
Coriolus Versicolor,https://www.mskcc.org/cancer-care/integrative-medicine/herbs/coriolus-versicolor
Cranberry,https://www.mskcc.org/cancer-care/integrative-medicine/herbs/cranberry
Croton lechleri,https://www.mskcc.org/cancer-care/integrative-medicine/herbs/croton-lechleri
D-limonene,https://www.mskcc.org/cancer-care/integrative-medicine/herbs/d-limonene
Damiana,https://www.mskcc.org/cancer-care/integrative-medicine/herbs/damiana
Dandelion,https://www.mskcc.org/cancer-care/integrative-medicine/herbs/dandelion
Dehydroepiandrosterone,https://www.mskcc.org/cancer-care/integrative-medicine/herbs/dehydroepiandrosterone
Devil's Claw,https://www.mskcc.org/cancer-care/integrative-medicine/herbs/devil-claw
Di Bella Multitherapy,https://www.mskcc.org/cancer-care/integrative-medicine/herbs/di-bella-multitherapy
Diindolylmethane,https://www.mskcc.org/cancer-care/integrative-medicine/herbs/diindolylmethane
Dimethylglycine,https://www.mskcc.org/cancer-care/integrative-medicine/herbs/dimethylglycine
Dimethylsulfoxide,https://www.mskcc.org/cancer-care/integrative-medicine/herbs/dimethylsulfoxide
Dong Quai,https://www.mskcc.org/cancer-care/integrative-medicine/herbs/dong-quai
Echinacea,https://www.mskcc.org/cancer-care/integrative-medicine/herbs/echinacea
Elderberry,https://www.mskcc.org/cancer-care/integrative-medicine/herbs/elderberry-01
Ellagic acid,https://www.mskcc.org/cancer-care/integrative-medicine/herbs/ellagic-acid
Emblica officinalis,https://www.mskcc.org/cancer-care/integrative-medicine/herbs/emblica-officinalis
Ephedra,https://www.mskcc.org/cancer-care/integrative-medicine/herbs/ephedra
Epimedium,https://www.mskcc.org/cancer-care/integrative-medicine/herbs/epimedium
Essiac,https://www.mskcc.org/cancer-care/integrative-medicine/herbs/essiac
Evening Primrose Oil,https://www.mskcc.org/cancer-care/integrative-medicine/herbs/evening-primrose-oil
Fenugreek,https://www.mskcc.org/cancer-care/integrative-medicine/herbs/fenugreek
Feverfew,https://www.mskcc.org/cancer-care/integrative-medicine/herbs/feverfew
Flaxseed,https://www.mskcc.org/cancer-care/integrative-medicine/herbs/flaxseed
Folate,https://www.mskcc.org/cancer-care/integrative-medicine/herbs/folate
Forskolin,https://www.mskcc.org/cancer-care/integrative-medicine/herbs/forskolin
Fucoidan,https://www.mskcc.org/cancer-care/integrative-medicine/herbs/fucoidan
Garcinia gummi-gutta,https://www.mskcc.org/cancer-care/integrative-medicine/herbs/garcinia-gummi-gutta
Garlic,https://www.mskcc.org/cancer-care/integrative-medicine/herbs/garlic
GCP,https://www.mskcc.org/cancer-care/integrative-medicine/herbs/gcp
Germanium,https://www.mskcc.org/cancer-care/integrative-medicine/herbs/germanium
Gerson Regimen,https://www.mskcc.org/cancer-care/integrative-medicine/herbs/gerson-regimen
Ginger,https://www.mskcc.org/cancer-care/integrative-medicine/herbs/ginger
Ginkgo,https://www.mskcc.org/cancer-care/integrative-medicine/herbs/ginkgo
Ginseng (American),https://www.mskcc.org/cancer-care/integrative-medicine/herbs/ginseng-american
Ginseng (Asian),https://www.mskcc.org/cancer-care/integrative-medicine/herbs/ginseng-asian
Glehnia,https://www.mskcc.org/cancer-care/integrative-medicine/herbs/glehnia
Glucosamine,https://www.mskcc.org/cancer-care/integrative-medicine/herbs/glucosamine
Glutamine,https://www.mskcc.org/cancer-care/integrative-medicine/herbs/glutamine
Glyconutrients,https://www.mskcc.org/cancer-care/integrative-medicine/herbs/glyconutrients
Goldenseal,https://www.mskcc.org/cancer-care/integrative-medicine/herbs/goldenseal
Gotu Kola,https://www.mskcc.org/cancer-care/integrative-medicine/herbs/gotu-kola
Grape Seed,https://www.mskcc.org/cancer-care/integrative-medicine/herbs/grape-seed
Graviola,https://www.mskcc.org/cancer-care/integrative-medicine/herbs/graviola
Green Tea,https://www.mskcc.org/cancer-care/integrative-medicine/herbs/green-tea
Guarana,https://www.mskcc.org/cancer-care/integrative-medicine/herbs/guarana
Guggul,https://www.mskcc.org/cancer-care/integrative-medicine/herbs/guggul
Hawthorn,https://www.mskcc.org/cancer-care/integrative-medicine/herbs/hawthorn
HMB,https://www.mskcc.org/cancer-care/integrative-medicine/herbs/hmb
Homeopathy,https://www.mskcc.org/cancer-care/integrative-medicine/herbs/homeopathy
Hoodia,https://www.mskcc.org/cancer-care/integrative-medicine/herbs/hoodia
Hops,https://www.mskcc.org/cancer-care/integrative-medicine/herbs/hops
Horse Chestnut,https://www.mskcc.org/cancer-care/integrative-medicine/herbs/horse-chestnut
Hoxsey Herbal Therapy,https://www.mskcc.org/cancer-care/integrative-medicine/herbs/hoxsey-herbal-therapy
Huanglian,https://www.mskcc.org/cancer-care/integrative-medicine/herbs/huanglian
Huperzia serrata,https://www.mskcc.org/cancer-care/integrative-medicine/herbs/huperzia-serrata
Hydrazine Sulfate,https://www.mskcc.org/cancer-care/integrative-medicine/herbs/hydrazine-sulfate
Indirubin,https://www.mskcc.org/cancer-care/integrative-medicine/herbs/indirubin
Indole-3-Carbinol,https://www.mskcc.org/cancer-care/integrative-medicine/herbs/indole-3-carbinol
Inositol Hexaphosphate,https://www.mskcc.org/cancer-care/integrative-medicine/herbs/inositol-hexaphosphate
Insulin Potentiation Therapy,https://www.mskcc.org/cancer-care/integrative-medicine/herbs/insulin-potentiation-therapy
Irvingia gabonensis,https://www.mskcc.org/cancer-care/integrative-medicine/herbs/irvingia-gabonensis
Isatis Leaf,https://www.mskcc.org/cancer-care/integrative-medicine/herbs/isatis-leaf
Isatis Root,https://www.mskcc.org/cancer-care/integrative-medicine/herbs/isatis-root
Juice Plus,https://www.mskcc.org/cancer-care/integrative-medicine/herbs/juice-plus
Kava,https://www.mskcc.org/cancer-care/integrative-medicine/herbs/kava
Kombucha,https://www.mskcc.org/cancer-care/integrative-medicine/herbs/kombucha
Kratom,https://www.mskcc.org/cancer-care/integrative-medicine/herbs/kratom
Kudzu,https://www.mskcc.org/cancer-care/integrative-medicine/herbs/kudzu
L-Theanine,https://www.mskcc.org/cancer-care/integrative-medicine/herbs/l-theanine
Lavender,https://www.mskcc.org/cancer-care/integrative-medicine/herbs/lavender
Lemongrass,https://www.mskcc.org/cancer-care/integrative-medicine/herbs/lemongrass
Lentinan,https://www.mskcc.org/cancer-care/integrative-medicine/herbs/lentinan
Leucine,https://www.mskcc.org/cancer-care/integrative-medicine/herbs/leucine
Licorice,https://www.mskcc.org/cancer-care/integrative-medicine/herbs/licorice
Ligustrum lucidum,https://www.mskcc.org/cancer-care/integrative-medicine/herbs/ligustrum-lucidum
Livingston-Wheeler Therapy,https://www.mskcc.org/cancer-care/integrative-medicine/herbs/livingston-wheeler-therapy
Lobelia,https://www.mskcc.org/cancer-care/integrative-medicine/herbs/lobelia
Lutein,https://www.mskcc.org/cancer-care/integrative-medicine/herbs/lutein
Lycium,https://www.mskcc.org/cancer-care/integrative-medicine/herbs/lycium
Lycopene,https://www.mskcc.org/cancer-care/integrative-medicine/herbs/lycopene
Maca,https://www.mskcc.org/cancer-care/integrative-medicine/herbs/maca
Magnesium,https://www.mskcc.org/cancer-care/integrative-medicine/herbs/magnesium
Magnet Therapy,https://www.mskcc.org/cancer-care/integrative-medicine/herbs/magnet-therapy
Magnolia officinalis,https://www.mskcc.org/cancer-care/integrative-medicine/herbs/magnolia-officinalis
Maitake,https://www.mskcc.org/cancer-care/integrative-medicine/herbs/maitake
Mangosteen,https://www.mskcc.org/cancer-care/integrative-medicine/herbs/mangosteen
Manuka Honey,https://www.mskcc.org/cancer-care/integrative-medicine/herbs/manuka-honey
Maroon Bush,https://www.mskcc.org/cancer-care/integrative-medicine/herbs/maroon-bush
Mate,https://www.mskcc.org/cancer-care/integrative-medicine/herbs/mate
Mediterranean Diet,https://www.mskcc.org/cancer-care/integrative-medicine/herbs/mediterranean-diet
Melatonin,https://www.mskcc.org/cancer-care/integrative-medicine/herbs/melatonin
Metabolic Therapies,https://www.mskcc.org/cancer-care/integrative-medicine/herbs/metabolic-therapies
MGN-3,https://www.mskcc.org/cancer-care/integrative-medicine/herbs/mgn-3
MICOM,https://www.mskcc.org/cancer-care/integrative-medicine/herbs/micom
Milk Thistle,https://www.mskcc.org/cancer-care/integrative-medicine/herbs/milk-thistle
Mistletoe (European),https://www.mskcc.org/cancer-care/integrative-medicine/herbs/mistletoe-european
Moringa oleifera,https://www.mskcc.org/cancer-care/integrative-medicine/herbs/moringa-oleifera
Myrrh,https://www.mskcc.org/cancer-care/integrative-medicine/herbs/myrrh
N-Acetylcysteine,https://www.mskcc.org/cancer-care/integrative-medicine/herbs/n-acetylcysteine
Nattokinase,https://www.mskcc.org/cancer-care/integrative-medicine/herbs/nattokinase
Neem,https://www.mskcc.org/cancer-care/integrative-medicine/herbs/neem
Nettle,https://www.mskcc.org/cancer-care/integrative-medicine/herbs/nettle
Nicotinamide,https://www.mskcc.org/cancer-care/integrative-medicine/herbs/nicotinamide
Nigella sativa,https://www.mskcc.org/cancer-care/integrative-medicine/herbs/nigella-sativa
Noni,https://www.mskcc.org/cancer-care/integrative-medicine/herbs/noni
Oldenlandia diffusa,https://www.mskcc.org/cancer-care/integrative-medicine/herbs/oldenlandia-diffusa
Oleandrin,https://www.mskcc.org/cancer-care/integrative-medicine/herbs/oleandrin
Olive Leaf,https://www.mskcc.org/cancer-care/integrative-medicine/herbs/olive-leaf
Omega-3,https://www.mskcc.org/cancer-care/integrative-medicine/herbs/omega-3
Oyster mushroom,https://www.mskcc.org/cancer-care/integrative-medicine/herbs/oyster-mushroom
Pao pereira,https://www.mskcc.org/cancer-care/integrative-medicine/herbs/pao-pereira
Papaya Leaf,https://www.mskcc.org/cancer-care/integrative-medicine/herbs/papaya-leaf
Passionflower,https://www.mskcc.org/cancer-care/integrative-medicine/herbs/passionflower
Pau D'arco,https://www.mskcc.org/cancer-care/integrative-medicine/herbs/pau-d-arco
PC-SPES,https://www.mskcc.org/cancer-care/integrative-medicine/herbs/pc-spes
Pectin,https://www.mskcc.org/cancer-care/integrative-medicine/herbs/pectin
Pelargonium sidoides,https://www.mskcc.org/cancer-care/integrative-medicine/herbs/pelargonium-sidoides
Pennyroyal,https://www.mskcc.org/cancer-care/integrative-medicine/herbs/pennyroyal
Peppermint,https://www.mskcc.org/cancer-care/integrative-medicine/herbs/peppermint
Perillyl Alcohol,https://www.mskcc.org/cancer-care/integrative-medicine/herbs/perillyl-alcohol
Petiveria alliacea,https://www.mskcc.org/cancer-care/integrative-medicine/herbs/petiveria-alliacea
Phellinus linteus,https://www.mskcc.org/cancer-care/integrative-medicine/herbs/phellinus-linteus
Pine Bark Extract,https://www.mskcc.org/cancer-care/integrative-medicine/herbs/pine-bark-extract
Pokeweed,https://www.mskcc.org/cancer-care/integrative-medicine/herbs/pokeweed
Pollen Extract,https://www.mskcc.org/cancer-care/integrative-medicine/herbs/pollen-extract
Polydox,https://www.mskcc.org/cancer-care/integrative-medicine/herbs/polydox
Pomegranate,https://www.mskcc.org/cancer-care/integrative-medicine/herbs/pomegranate
Probiotics,https://www.mskcc.org/cancer-care/integrative-medicine/herbs/probiotics-01
Propolis,https://www.mskcc.org/cancer-care/integrative-medicine/herbs/propolis
Proteolytic enzymes,https://www.mskcc.org/cancer-care/integrative-medicine/herbs/proteolytic-enzymes
Pygeum,https://www.mskcc.org/cancer-care/integrative-medicine/herbs/pygeum
Quercetin,https://www.mskcc.org/cancer-care/integrative-medicine/herbs/quercetin
Red Clover,https://www.mskcc.org/cancer-care/integrative-medicine/herbs/red-clover
Red Yeast Rice,https://www.mskcc.org/cancer-care/integrative-medicine/herbs/red-yeast-rice
Reishi Mushroom,https://www.mskcc.org/cancer-care/integrative-medicine/herbs/reishi-mushroom
Resveratrol,https://www.mskcc.org/cancer-care/integrative-medicine/herbs/resveratrol
Rhodiola,https://www.mskcc.org/cancer-care/integrative-medicine/herbs/rhodiola
Rhubarb,https://www.mskcc.org/cancer-care/integrative-medicine/herbs/rhubarb
Rooibos Tea,https://www.mskcc.org/cancer-care/integrative-medicine/herbs/rooibos-tea
Royal Jelly,https://www.mskcc.org/cancer-care/integrative-medicine/herbs/royal-jelly
Salvia Divinorum,https://www.mskcc.org/cancer-care/integrative-medicine/herbs/salvia-divinorum
SAM-e,https://www.mskcc.org/cancer-care/integrative-medicine/herbs/sam-e
Sarcandra glabra,https://www.mskcc.org/cancer-care/integrative-medicine/herbs/sarcandra-glabra
Sassafras,https://www.mskcc.org/cancer-care/integrative-medicine/herbs/sassafras
Saw Palmetto,https://www.mskcc.org/cancer-care/integrative-medicine/herbs/saw-palmetto
Schisandra,https://www.mskcc.org/cancer-care/integrative-medicine/herbs/schisandra
Scorpion Venom,https://www.mskcc.org/cancer-care/integrative-medicine/herbs/scorpion-venom
Scutellaria baicalensis,https://www.mskcc.org/cancer-care/integrative-medicine/herbs/scutellaria-baicalensis
Scutellaria barbata,https://www.mskcc.org/cancer-care/integrative-medicine/herbs/scutellaria-barbata
Sea Cucumber,https://www.mskcc.org/cancer-care/integrative-medicine/herbs/sea-cucumber
Seasilver,https://www.mskcc.org/cancer-care/integrative-medicine/herbs/seasilver
Selenium,https://www.mskcc.org/cancer-care/integrative-medicine/herbs/selenium
Shark Cartilage,https://www.mskcc.org/cancer-care/integrative-medicine/herbs/shark-cartilage
Sheep Sorrel,https://www.mskcc.org/cancer-care/integrative-medicine/herbs/sheep-sorrel
Shi Quan Da Bu Tang,https://www.mskcc.org/cancer-care/integrative-medicine/herbs/shi-quan-da-bu-tang
Shiitake Mushroom,https://www.mskcc.org/cancer-care/integrative-medicine/herbs/shiitake-mushroom
Sho-saiko-to,https://www.mskcc.org/cancer-care/integrative-medicine/herbs/sho-saiko
Siberian Ginseng,https://www.mskcc.org/cancer-care/integrative-medicine/herbs/siberian-ginseng
Slippery Elm,https://www.mskcc.org/cancer-care/integrative-medicine/herbs/slippery-elm
Smilax glabra,https://www.mskcc.org/cancer-care/integrative-medicine/herbs/smilax-glabra
Sophora flavescens,https://www.mskcc.org/cancer-care/integrative-medicine/herbs/sophora-flavescens
Soy,https://www.mskcc.org/cancer-care/integrative-medicine/herbs/soy
Spilanthes acmella,https://www.mskcc.org/cancer-care/integrative-medicine/herbs/spilanthes-acmella-jambu
Squalamine,https://www.mskcc.org/cancer-care/integrative-medicine/herbs/squalamine
St. John's Wort,https://www.mskcc.org/cancer-care/integrative-medicine/herbs/st-john-wort
Stevia,https://www.mskcc.org/cancer-care/integrative-medicine/herbs/stevia
Stillingia,https://www.mskcc.org/cancer-care/integrative-medicine/herbs/stillingia
Sun Farms Vegetable Soup,https://www.mskcc.org/cancer-care/integrative-medicine/herbs/sun-farms-vegetable-soup
Superoxide Dismutase,https://www.mskcc.org/cancer-care/integrative-medicine/herbs/superoxide-dismutase
Sutherlandia frutescens,https://www.mskcc.org/cancer-care/integrative-medicine/herbs/sutherlandia-frutescens
Synsepalum dulcificum,https://www.mskcc.org/cancer-care/integrative-medicine/herbs/synsepalum-dulcificum
Taurine,https://www.mskcc.org/cancer-care/integrative-medicine/herbs/taurine
Tea Tree Oil,https://www.mskcc.org/cancer-care/integrative-medicine/herbs/tea-tree-oil
Tian Xian,https://www.mskcc.org/cancer-care/integrative-medicine/herbs/tian-xian
Transfer Factor,https://www.mskcc.org/cancer-care/integrative-medicine/herbs/transfer-factor
Tribulus terrestris,https://www.mskcc.org/cancer-care/integrative-medicine/herbs/tribulus-terrestris
Triphala,https://www.mskcc.org/cancer-care/integrative-medicine/herbs/triphala
Turmeric,https://www.mskcc.org/cancer-care/integrative-medicine/herbs/turmeric
Ukrain,https://www.mskcc.org/cancer-care/integrative-medicine/herbs/ukrain
Usnic acid,https://www.mskcc.org/cancer-care/integrative-medicine/herbs/usnic-acid
Valerian,https://www.mskcc.org/cancer-care/integrative-medicine/herbs/valerian
Viacreme,https://www.mskcc.org/cancer-care/integrative-medicine/herbs/viacreme
Vinpocetine,https://www.mskcc.org/cancer-care/integrative-medicine/herbs/vinpocetine
Vitamin A,https://www.mskcc.org/cancer-care/integrative-medicine/herbs/vitamin
Vitamin B12,https://www.mskcc.org/cancer-care/integrative-medicine/herbs/vitamin-b12
Vitamin B6,https://www.mskcc.org/cancer-care/integrative-medicine/herbs/vitamin-b6
Vitamin C,https://www.mskcc.org/cancer-care/integrative-medicine/herbs/vitamin-c
Vitamin D,https://www.mskcc.org/cancer-care/integrative-medicine/herbs/vitamin-d
Vitamin E,https://www.mskcc.org/cancer-care/integrative-medicine/herbs/vitamin-e
Vitamin O,https://www.mskcc.org/cancer-care/integrative-medicine/herbs/vitamin-o
Wheat germ extract,https://www.mskcc.org/cancer-care/integrative-medicine/herbs/wheat-germ-extract
Wheat grass,https://www.mskcc.org/cancer-care/integrative-medicine/herbs/wheat-grass
Wild Yam,https://www.mskcc.org/cancer-care/integrative-medicine/herbs/wild-yam
Willow Bark,https://www.mskcc.org/cancer-care/integrative-medicine/herbs/willow-bark
Yohimbe,https://www.mskcc.org/cancer-care/integrative-medicine/herbs/yohimbe
Yunnan Baiyao,https://www.mskcc.org/cancer-care/integrative-medicine/herbs/yunnan-baiyao
Zeolite,https://www.mskcc.org/cancer-care/integrative-medicine/herbs/zeolite
Zestra,https://www.mskcc.org/cancer-care/integrative-medicine/herbs/zestra
Zinc,https://www.mskcc.org/cancer-care/integrative-medicine/herbs/zinc
Zyflamend,https://www.mskcc.org/cancer-care/integrative-medicine/herbs/zyflamend
